,id,name,rating,rate($/hour),averageResponseTime(days),experience(years),specialisation
0,,Latoya Farrell,8,1277,26,14,disaster
1,,Charles Lynch,7,879,29,3,insurance
2,,Joseph Harris,7,1646,25,14,agriculture
3,,Amy Jones,7,1021,9,14,accidents
4,,Steven Parker,9,946,17,10,agriculture
5,,Kristin Adams,9,1715,8,7,accidents
6,,Jonathan Cameron,8,776,6,2,security
7,,Adam Davis,9,1148,25,8,insurance
8,,Daniel Wood,7,1493,20,10,disaster
9,,Jimmy Henderson,9,1690,12,12,criminal
10,,Jonathan Dawson,7,1932,27,9,disaster
11,,Russell Mann,9,1897,11,8,theft
12,,Barbara Wiggins,8,1882,30,2,theft
13,,Sarah Wright,7,1558,6,14,agriculture
14,,Heather Lewis,9,1519,22,11,agriculture
15,,Katelyn Johnson,9,605,15,13,medical
16,,Mr. Keith Boyer,9,1489,29,14,accidents
17,,Jaime Pham,9,1154,21,14,medical
18,,Scott Davis,8,1897,27,14,accidents
19,,Samantha Pope,8,1410,4,7,agriculture
20,,Patrick Blackburn,8,919,4,10,security
21,,Kelly Mitchell,8,1387,1,2,accidents
22,,Jennifer Meyer,8,654,30,5,medical
23,,Ryan Parker,9,596,7,6,insurance
24,,Brett Estes,9,956,18,9,disaster
25,,Christopher Knight,7,814,26,3,security
26,,Patrick Hatfield,8,1409,9,12,insurance
27,,Makayla Garza,7,1586,10,13,accidents
28,,Ronnie Lee,7,1858,19,11,security
29,,Samantha Carter,9,1941,4,13,insurance
30,,Amanda Carter,9,1117,24,14,accidents
31,,Karen Thomas,7,1977,8,4,theft
32,,Rachel Carter,8,1352,22,13,medical
33,,Amanda Jefferson,8,1292,4,11,insurance
34,,Rachel Rosales,7,1991,16,10,disaster
35,,Ryan Wright,7,972,14,10,disaster
36,,Colin Miller II,7,957,20,3,disaster
37,,Gina Burns,8,1195,1,4,criminal
38,,Chris Jones,8,1845,25,10,agriculture
39,,Maria Hall,8,978,1,4,agriculture
40,,Patricia Smith,7,894,20,2,accidents
41,,Donna Thompson,9,595,26,5,insurance
42,,Monica Chambers,9,1089,8,1,medical
43,,Juan Marshall,8,948,2,13,medical
44,,Christopher Campbell,7,1364,11,2,accidents
45,,Donna Cook DVM,8,1183,13,8,insurance
46,,Kyle Jenkins,7,1003,11,11,security
47,,Jose Carey,7,837,26,14,theft
48,,Joyce Adams,9,1987,23,12,medical
49,,Robert Miller,9,1317,21,9,disaster
50,,Neil Harris,7,1050,4,9,security
51,,Christopher Olson,9,1254,7,3,medical
52,,Brandon Whitehead,8,1528,3,7,security
53,,Kristine Booth,8,1854,18,11,criminal
54,,Jared Mccarty,7,1606,23,10,medical
55,,Justin Duffy,8,677,27,8,accidents
56,,Carol Mcconnell,7,617,27,12,accidents
57,,Nicolas King,7,868,14,9,theft
58,,Michael Edwards,7,1648,10,8,accidents
59,,Jonathan Lewis,7,1798,9,14,criminal
60,,Juan Simmons,8,726,28,5,disaster
61,,Tiffany Morris,9,1304,21,4,criminal
62,,Susan Wilson,7,847,29,1,security
63,,Lisa Chung,7,1375,19,1,accidents
64,,Karen Anderson,8,1002,2,15,insurance
65,,Eric Oconnor,9,1980,26,3,theft
66,,Todd Miles,7,1652,30,8,insurance
67,,Elizabeth Zavala,9,1554,24,10,disaster
68,,Jennifer Hill,9,1609,11,1,insurance
69,,John Zuniga,9,1906,20,12,agriculture
70,,Melvin Murphy,7,1980,22,13,security
71,,Terry Powers,8,1073,7,9,theft
72,,Daniel Dunn,8,1964,24,15,theft
73,,Alyssa Hurst,7,1542,1,11,medical
74,,Michelle Garner,8,1046,19,1,accidents
75,,Tammy Khan,9,623,17,12,medical
76,,Mr. Mark George,7,685,14,6,security
77,,Joshua Oconnor,7,1857,20,14,disaster
78,,Kenneth Brown DDS,9,1821,17,1,insurance
79,,Ariana Harris,8,1681,14,15,insurance
80,,Scott Pearson,7,1087,17,7,accidents
81,,Elizabeth Huffman,9,1547,16,13,medical
82,,Jason White,7,697,29,3,theft
83,,Taylor Mitchell,7,850,16,9,medical
84,,Tammy Stafford,8,1221,17,8,theft
85,,Wendy Hall,7,1758,9,3,medical
86,,Jeremy Allen,7,532,3,5,accidents
87,,Andrew Johnson,7,1365,14,2,disaster
88,,Bryan Garcia,7,1612,22,1,agriculture
89,,Frank Oliver,7,602,29,14,medical
90,,Leonard Johnson,7,1528,1,6,agriculture
91,,Bruce Johnson,7,1135,22,11,theft
92,,Dave Smith,9,613,13,2,security
93,,Bryan Jordan,8,1567,11,7,medical
94,,Megan Boyd,9,1924,27,2,accidents
95,,Erica Sanford,9,988,24,3,security
96,,Katelyn Thompson,9,898,28,12,accidents
97,,Monica Bates,9,1195,16,8,criminal
98,,Brian Clark,7,948,1,4,disaster
99,,Jeffrey Benton,8,1937,20,8,security
